{
  "seek_sensitivity": 0.09859580414193848,
  "volume_sensitivity": 0.00998559207783691,
  "raise_threshold": 0.08178595602512359,
  "min_velocity": 21.986112594604492
}