{
  "seek_sensitivity": 0.09810321998790834,
  "volume_sensitivity": 0.0016987305866582255,
  "raise_threshold": 0.14166735410690307,
  "min_velocity": 7.955129146575928
}